WeatherPy_Database,City,Country,Lat,Lng,Max Temp,Humidity,Cloudiness,Wind Speed,Current Description
0,Ushuaia,AR,-54.8,-68.3,40.66,70,75,21.85,broken clouds
1,Te Anau,NZ,-45.4167,167.7167,53.08,65,100,3.27,overcast clouds
2,Jalu,LY,29.0331,21.5482,60.3,72,97,6.71,overcast clouds
3,Rikitea,PF,-23.1203,-134.9692,73.9,76,100,8.88,overcast clouds
4,Faanui,PF,-16.4833,-151.75,79.0,72,29,15.14,scattered clouds
5,Barrow,US,71.2906,-156.7887,8.62,78,100,18.41,light snow
6,Salinopolis,BR,-0.6136,-47.3561,80.47,76,100,11.68,overcast clouds
7,Georgetown,MY,5.4112,100.3354,80.53,91,20,2.3,few clouds
8,Gorontalo,ID,0.5412,123.0595,86.49,65,89,0.98,overcast clouds
9,Mataura,NZ,-46.1927,168.8643,54.48,47,100,8.1,overcast clouds
10,Punta Arenas,CL,-53.15,-70.9167,42.91,65,20,19.57,few clouds
11,Qasigiannguit,GL,68.8193,-51.1922,0.93,90,95,5.93,overcast clouds
12,Ormara,PK,25.2088,64.6357,75.52,50,46,2.73,scattered clouds
13,Albany,US,42.6001,-73.9662,41.41,73,52,5.01,broken clouds
14,Chintamani,IN,13.4,78.0667,64.74,94,89,4.05,overcast clouds
15,Tahlequah,US,35.9154,-94.97,48.07,71,0,0.0,clear sky
16,Henties Bay,NA,-22.116,14.2845,57.61,92,10,8.32,clear sky
17,Atuona,PF,-9.8,-139.0333,77.25,78,94,13.09,overcast clouds
18,Hermanus,ZA,-34.4187,19.2345,58.6,68,27,8.25,scattered clouds
19,Fairbanks,US,64.8378,-147.7164,13.08,91,98,2.71,overcast clouds
20,Sitka,US,57.0531,-135.33,46.29,87,100,13.8,moderate rain
21,Talnakh,RU,69.4865,88.3972,-14.8,100,100,3.98,overcast clouds
22,Kodiak,US,57.79,-152.4072,36.91,52,0,16.11,clear sky
23,Bhubaneswar,IN,20.2333,85.8333,61.02,94,2,2.3,mist
24,Port Alfred,ZA,-33.5906,26.891,59.18,86,0,1.01,clear sky
25,New Norfolk,AU,-42.7826,147.0587,60.93,38,100,2.17,overcast clouds
26,Richards Bay,ZA,-28.783,32.0377,68.97,89,99,7.29,overcast clouds
27,Asau,RO,46.4333,26.4,33.28,92,26,3.38,scattered clouds
28,Hobart,AU,-42.8794,147.3294,61.27,66,75,3.44,broken clouds
29,Hilo,US,19.7297,-155.09,76.24,75,94,11.01,overcast clouds
30,Dikson,RU,73.5069,80.5464,-12.15,100,100,8.21,overcast clouds
31,Torbay,CA,47.6666,-52.7314,31.75,92,40,6.91,scattered clouds
32,Husavik,IS,66.0449,-17.3389,39.97,98,100,9.17,overcast clouds
33,Vostok,RU,46.4856,135.8833,25.14,92,100,9.08,snow
34,Parksville,CA,49.3163,-124.3195,47.84,87,6,18.41,clear sky
35,Shubarshi,KZ,48.5872,57.1869,25.07,74,45,14.41,scattered clouds
36,Souillac,MU,-20.5167,57.5167,75.58,73,40,6.91,light rain
37,Avarua,CK,-21.2078,-159.775,80.65,65,100,17.27,overcast clouds
38,College,US,64.8569,-147.8028,13.06,91,98,2.77,overcast clouds
39,Qaanaaq,GL,77.484,-69.3632,0.07,73,100,5.21,overcast clouds
40,Petropavlovsk-Kamchatskiy,RU,53.0452,158.6483,14.59,67,0,2.24,clear sky
41,Quixeramobim,BR,-5.1992,-39.2928,80.94,54,20,6.76,few clouds
42,Roald,NO,62.5833,6.1333,50.92,53,75,12.66,broken clouds
43,Chokurdakh,RU,70.6333,147.9167,-42.09,100,79,1.59,broken clouds
44,Matamoros,MX,25.5333,-103.25,55.11,39,0,12.39,clear sky
45,Pueblo Nuevo,MX,23.3833,-105.3833,47.59,80,0,0.36,clear sky
46,Bengkulu,ID,-3.8004,102.2655,76.17,88,97,2.28,overcast clouds
47,Burnie,AU,-41.0667,145.9167,62.94,54,100,8.16,overcast clouds
48,Susanville,US,40.4163,-120.653,37.24,52,0,3.0,clear sky
49,Port-Gentil,GA,-0.7193,8.7815,78.62,82,100,8.97,light rain
50,Coos Bay,US,43.3665,-124.2179,51.31,96,100,21.85,mist
51,Busselton,AU,-33.65,115.3333,62.83,59,97,11.45,overcast clouds
52,Bambous Virieux,MU,-20.3428,57.7575,75.45,73,40,6.91,light rain
53,Ilulissat,GL,69.2167,-51.1,1.78,91,100,4.5,overcast clouds
54,Arraial Do Cabo,BR,-22.9661,-42.0278,72.25,87,15,15.99,few clouds
55,Lower Hutt,NZ,-41.2167,174.9167,64.31,66,100,17.27,overcast clouds
56,Galashki,RU,43.1136,44.9894,43.75,84,99,1.9,overcast clouds
57,Lebu,CL,-37.6167,-73.65,57.13,84,0,18.99,clear sky
58,Sur,OM,22.5667,59.5289,75.65,66,3,5.5,clear sky
59,Saint-Philippe,RE,-21.3585,55.7679,72.99,83,50,9.35,scattered clouds
60,Jelgava,LV,56.65,23.7128,28.44,95,100,2.89,overcast clouds
61,Kosh-Agach,RU,50.0,88.6667,12.94,81,100,3.15,light snow
62,Areosa,PT,41.7178,-8.8571,53.15,75,99,9.26,overcast clouds
63,Ust-Maya,RU,60.4167,134.5333,-39.12,100,100,0.92,overcast clouds
64,Ribeira Grande,PT,38.5167,-28.7,64.78,85,100,8.99,overcast clouds
65,Bluff,NZ,-46.6,168.3333,54.81,52,100,15.41,overcast clouds
66,Abalak,RU,58.1286,68.5944,-23.35,97,10,2.13,clear sky
67,Vaini,TO,-21.2,-175.2,84.36,74,20,16.11,few clouds
68,Kefalos,GR,36.7453,26.9589,59.22,67,40,18.41,scattered clouds
69,Padang,ID,-0.9492,100.3543,77.05,83,100,4.05,overcast clouds
70,Mount Gambier,AU,-37.8333,140.7667,76.53,41,100,16.91,overcast clouds
71,Mindelo,CV,16.8901,-24.9804,73.89,68,0,16.24,clear sky
72,High River,CA,50.5834,-113.8687,35.17,82,90,6.91,overcast clouds
73,Yellowknife,CA,62.456,-114.3525,19.92,86,100,11.5,light snow
74,Jinchang,CN,38.4953,102.1739,42.64,19,11,9.57,few clouds
75,Saint-Pierre,RE,-21.3393,55.4781,73.08,73,0,6.91,clear sky
76,Maumere,ID,-8.6199,122.2111,84.97,71,82,3.18,broken clouds
77,Katherine,AU,-14.4667,132.2667,86.32,70,100,5.75,overcast clouds
78,Santa Cecilia,BR,-26.9608,-50.4269,55.67,91,25,4.27,scattered clouds
79,Roseburg,US,43.2165,-123.3417,51.51,83,100,0.0,overcast clouds
80,Nuevitas,CU,21.5453,-77.2644,76.53,78,88,7.23,overcast clouds
81,East London,ZA,-33.0153,27.9116,63.84,67,100,3.4,overcast clouds
82,Longyearbyen,SJ,78.2186,15.6401,17.44,86,20,6.91,few clouds
83,Nikolskoye,RU,59.7035,30.7861,16.92,91,89,6.04,overcast clouds
84,Nemuro,JP,43.3236,145.575,53.19,80,100,34.61,overcast clouds
85,Dwarka,IN,22.2394,68.9678,74.71,51,0,9.86,clear sky
86,Saint George,US,37.1041,-113.5841,50.95,34,2,2.33,clear sky
87,Jamestown,US,42.097,-79.2353,42.39,63,100,8.05,overcast clouds
88,Turayf,SA,31.6725,38.6637,53.82,68,68,11.03,broken clouds
89,Esperance,AU,-33.8667,121.9,65.17,67,21,14.54,few clouds
90,Beringovskiy,RU,63.05,179.3167,10.51,89,100,7.34,overcast clouds
91,Moindou,NC,-21.6924,165.677,78.84,55,0,10.63,clear sky
92,Berlevag,NO,70.8578,29.0864,30.2,80,100,11.5,overcast clouds
93,Bubaque,GW,11.2833,-15.8333,82.27,56,100,5.28,overcast clouds
94,Upernavik,GL,72.7868,-56.1549,10.04,84,100,6.82,overcast clouds
95,Toora-Khem,RU,52.4675,96.11,3.45,97,100,2.19,overcast clouds
96,Thinadhoo,MV,0.5333,72.9333,80.83,77,100,12.84,overcast clouds
97,Salalah,OM,17.0151,54.0924,73.53,66,0,2.91,clear sky
98,Moanda,GA,-1.5575,13.2178,70.03,99,100,2.33,moderate rain
99,Lorengau,PG,-2.0226,147.2712,86.14,60,66,5.14,broken clouds
100,Tuktoyaktuk,CA,69.4541,-133.0374,10.4,92,100,2.3,light snow
101,Cape Town,ZA,-33.9258,18.4232,61.11,71,0,13.8,clear sky
102,Akdepe,TM,42.0551,59.3788,41.04,79,5,13.31,clear sky
103,Khatanga,RU,71.9667,102.5,-28.03,100,33,4.16,scattered clouds
104,Kilchberg,CH,47.3244,8.5455,42.8,94,75,3.44,fog
105,Chabahar,IR,25.2919,60.643,76.55,47,14,3.49,few clouds
106,Saskylakh,RU,71.9167,114.0833,-19.8,99,100,4.56,overcast clouds
107,Vaitape,PF,-16.5167,-151.75,78.96,72,30,15.21,scattered clouds
108,Grindavik,IS,63.8424,-22.4338,39.67,75,0,16.11,clear sky
109,Kavieng,PG,-2.5744,150.7967,84.18,65,30,5.32,scattered clouds
110,Gizo,SB,-8.103,156.8419,84.92,68,64,3.87,broken clouds
111,Porto Novo,BJ,6.4965,2.6036,79.07,84,8,7.16,clear sky
112,Komsomolskiy,UZ,40.4272,71.7189,38.12,87,95,4.61,mist
113,Tsabong,BW,-26.0217,22.401,75.79,21,8,9.71,clear sky
114,Arkhangelsk,RU,64.5401,40.5433,3.31,92,75,0.0,broken clouds
115,Ponta Do Sol,PT,32.6667,-17.1,68.63,72,37,3.09,scattered clouds
116,Kontagora,NG,10.3999,5.4695,71.28,26,100,4.43,overcast clouds
117,Caravelas,BR,-17.7125,-39.2481,74.66,89,100,11.01,moderate rain
118,Kollegal,IN,12.15,77.1167,65.53,95,70,1.43,broken clouds
119,Puerto Ayora,EC,-0.7393,-90.3518,67.55,95,76,5.01,broken clouds
120,Bedum,NL,53.3008,6.6028,46.4,91,0,8.52,clear sky
121,Victoria,HK,22.2855,114.1577,74.32,90,99,3.0,overcast clouds
122,Port Lincoln,AU,-34.7333,135.8667,70.92,63,53,12.1,broken clouds
123,Soc Trang,VN,9.6033,105.98,80.08,84,100,3.38,overcast clouds
124,Castro,BR,-24.7911,-50.0119,55.6,91,99,4.25,overcast clouds
125,Medina Del Campo,ES,41.3124,-4.9141,35.64,71,100,3.6,overcast clouds
126,Goderich,CA,43.7501,-81.7165,41.92,71,51,17.29,broken clouds
127,Puertollano,ES,38.6871,-4.1073,44.15,59,100,5.32,overcast clouds
128,Eureka,US,40.8021,-124.1637,57.2,72,93,2.91,overcast clouds
129,Kuala Terengganu,MY,5.3302,103.1408,78.91,76,97,2.95,overcast clouds
130,Palmer,US,42.1584,-72.3287,44.46,62,33,1.99,scattered clouds
131,Thompson,CA,55.7435,-97.8558,28.56,100,100,4.61,overcast clouds
132,Tuatapere,NZ,-46.1333,167.6833,52.32,58,100,10.76,overcast clouds
133,Muros,ES,42.7762,-9.0603,52.68,95,100,8.25,overcast clouds
134,San Luis,AR,-33.295,-66.3356,80.49,23,3,9.28,clear sky
135,Macapa,BR,0.0389,-51.0664,79.07,79,97,10.0,overcast clouds
136,Sampit,ID,-2.5333,112.95,79.21,85,100,2.26,overcast clouds
137,Derzhavinsk,KZ,51.1,66.3167,0.43,90,6,10.63,clear sky
138,Ikom,NG,5.9667,8.7063,71.71,79,7,1.1,clear sky
139,Bathsheba,BB,13.2167,-59.5167,79.47,77,60,17.78,broken clouds
140,Jiuquan,CN,39.7432,98.5174,35.51,30,100,5.32,overcast clouds
141,Ust-Kuyga,RU,70.0167,135.6,-43.37,99,74,5.88,broken clouds
142,Kapaa,US,22.0752,-159.319,80.58,58,71,5.99,broken clouds
143,Santa Luzia,BR,-19.7697,-43.8514,67.1,90,58,3.71,light rain
144,Arequipa,PE,-16.3989,-71.535,59.07,54,0,4.61,clear sky
145,Chuy,UY,-33.6971,-53.4616,63.73,87,0,6.08,clear sky
146,Acari,PE,-15.4311,-74.6158,71.02,80,30,3.85,scattered clouds
147,Mao,ES,39.8885,4.2658,57.76,62,40,24.16,scattered clouds
148,Lompoc,US,34.6391,-120.4579,71.74,32,0,5.41,clear sky
149,Norman Wells,CA,65.282,-126.8329,12.24,85,100,0.0,light snow
150,Vila Velha,BR,-20.3297,-40.2925,70.95,97,91,10.33,overcast clouds
151,Bandarbeyla,SO,9.4942,50.8122,76.57,79,2,9.26,clear sky
152,Kismayo,SO,-0.3582,42.5454,78.03,78,62,8.52,broken clouds
153,Pisco,PE,-13.7,-76.2167,66.02,86,1,3.94,clear sky
154,San Felipe,VE,10.3399,-68.7425,72.63,99,100,2.13,overcast clouds
155,Hithadhoo,MV,-0.6,73.0833,81.9,74,94,12.8,overcast clouds
156,Frontera,MX,26.9333,-101.45,54.32,80,76,3.0,broken clouds
157,Terney,RU,45.0503,136.6092,38.73,64,13,13.27,few clouds
158,San Patricio,US,28.017,-97.5169,60.89,96,100,7.56,overcast clouds
159,Kolyvan,RU,55.3053,82.7391,-20.42,89,25,10.18,scattered clouds
160,Upata,VE,8.0086,-62.3989,76.19,94,62,2.89,broken clouds
161,Chum Phae,TH,16.5443,102.0992,74.35,92,100,0.16,heavy intensity rain
162,Vestmannaeyjar,IS,63.4427,-20.2734,44.47,73,97,21.36,overcast clouds
163,Bouloupari,NC,-21.8667,166.05,82.31,50,3,9.8,clear sky
164,Constitucion,CL,-35.3333,-72.4167,56.98,82,23,1.95,few clouds
165,Srednekolymsk,RU,67.45,153.6833,-16.62,98,97,7.38,overcast clouds
166,Airai,TL,-8.9266,125.4092,66.24,81,100,1.3,overcast clouds
167,Kijang,KR,35.2442,129.2139,59.38,49,0,3.31,clear sky
168,Pevek,RU,69.7008,170.3133,-5.19,91,100,3.83,overcast clouds
169,Sibolga,ID,1.7427,98.7792,78.33,78,100,1.5,overcast clouds
170,Curuguaty,PY,-24.4694,-55.6945,69.21,72,86,4.03,overcast clouds
171,Kirakira,SB,-10.4544,161.9205,84.52,73,81,7.25,broken clouds
172,La Macarena,CO,2.1837,-73.7849,72.57,98,98,2.35,overcast clouds
173,Dingle,PH,10.9995,122.6711,82.22,81,100,8.7,overcast clouds
174,Pathein,MM,16.7833,94.7333,74.75,75,72,6.04,broken clouds
175,Dzilam Gonzalez,MX,21.2833,-88.9333,76.26,92,27,6.08,scattered clouds
176,Conceicao Da Barra,BR,-18.5933,-39.7322,73.26,95,100,9.62,overcast clouds
177,Port Elizabeth,ZA,-33.918,25.5701,59.29,75,0,10.36,clear sky
178,Cherskiy,RU,68.75,161.3,-13.38,98,100,3.18,overcast clouds
179,Bredasdorp,ZA,-34.5322,20.0403,58.64,64,94,1.83,overcast clouds
180,Makakilo City,US,21.3469,-158.0858,76.57,51,91,19.13,overcast clouds
181,Acapulco,MX,16.8634,-99.8901,80.42,83,40,5.75,scattered clouds
182,Waitati,NZ,-45.75,170.5667,51.8,76,100,10.49,light rain
183,Moyo,UG,3.6609,31.7247,70.56,73,93,0.6,overcast clouds
184,Ballina,AU,-28.8667,153.5667,81.01,50,0,16.89,clear sky
185,Carnarvon,AU,-24.8667,113.6333,69.71,56,0,17.98,clear sky
186,Clyde River,CA,70.4692,-68.5914,-10.97,77,100,5.75,overcast clouds
187,Mahajanga,MG,-15.7167,46.3167,73.42,64,20,4.61,few clouds
188,Mar Del Plata,AR,-38.0023,-57.5575,61.95,90,0,14.0,clear sky
189,Guerrero Negro,MX,27.9769,-114.0611,67.64,27,0,10.51,clear sky
190,Bobrovka,RU,54.047,61.7455,-14.46,100,70,4.72,broken clouds
191,Inzer,RU,54.2167,57.5556,10.09,85,99,4.03,overcast clouds
192,Cabo San Lucas,MX,22.8909,-109.9124,77.05,53,0,5.75,clear sky
193,Tual,ID,-5.6667,132.75,83.25,74,97,8.5,overcast clouds
194,Tasiilaq,GL,65.6145,-37.6368,37.56,71,100,28.54,overcast clouds
195,Irtyshskiy,RU,58.3333,68.1333,-23.01,98,14,1.68,few clouds
196,Kalmunai,LK,7.4167,81.8167,76.78,84,59,3.58,broken clouds
197,San Cristobal,VE,7.7669,-72.225,66.87,96,100,1.21,overcast clouds
198,Kaeo,NZ,-35.1,173.7833,66.56,61,62,8.08,broken clouds
199,Anadyr,RU,64.75,177.4833,7.3,78,40,6.71,scattered clouds
200,Iqaluit,CA,63.7506,-68.5145,-4.31,70,71,4.0,broken clouds
201,Liwale,TZ,-9.7667,37.9333,70.83,81,100,6.87,overcast clouds
202,Itarema,BR,-2.9248,-39.9167,78.69,76,95,13.15,overcast clouds
203,Chake Chake,TZ,-5.2459,39.7666,74.46,88,59,7.61,moderate rain
204,Fortuna,US,40.5982,-124.1573,56.93,73,0,9.22,clear sky
205,Porto Nacional,BR,-10.7081,-48.4172,75.2,95,100,4.25,moderate rain
206,Moranbah,AU,-22.0016,148.0466,87.39,26,100,7.31,overcast clouds
207,Fomboni,KM,-12.28,43.7425,79.77,77,3,11.45,clear sky
208,Meulaboh,ID,4.1363,96.1285,76.86,85,99,3.0,overcast clouds
209,Renala Khurd,PK,30.8833,73.6,58.01,28,0,1.72,clear sky
210,Qinhuangdao,CN,39.9317,119.5883,31.95,24,10,6.8,clear sky
211,Kisangani,CD,0.5167,25.2,71.89,99,100,0.69,light rain
212,Methoni,GR,36.8197,21.7049,53.22,55,13,3.96,few clouds
213,Safaga,EG,26.7292,33.9365,68.47,51,0,3.2,clear sky
214,Xinxiang,CN,35.3089,113.8672,48.02,27,5,16.17,clear sky
215,Umm Lajj,SA,25.0213,37.2685,71.98,51,0,9.48,clear sky
216,Alta Floresta,BR,-9.8756,-56.0861,72.48,96,100,2.39,moderate rain
217,Hofn,IS,64.2539,-15.2082,41.83,91,100,14.79,overcast clouds
218,Labuhan,ID,-6.8844,112.2051,81.1,76,100,4.68,overcast clouds
219,Vestnes,NO,62.6264,7.0884,46.24,49,75,10.36,broken clouds
220,Manggar,ID,-2.8833,108.2667,79.7,81,100,3.71,heavy intensity rain
221,Hervey Bay,AU,-25.2986,152.8535,77.58,64,0,14.23,clear sky
222,Jizan,SA,17.3333,42.6667,79.14,76,3,2.95,light rain
223,Novoagansk,RU,61.9449,76.6625,-20.79,90,100,5.03,overcast clouds
224,Namwala,ZM,-15.7504,26.4384,68.67,82,100,2.35,overcast clouds
225,Madimba,TZ,-10.4,40.3333,76.01,83,21,9.4,few clouds
226,Zhigansk,RU,66.7697,123.3711,-35.45,97,100,8.5,overcast clouds
227,Zacualpan,MX,21.25,-105.1667,76.62,81,0,2.95,clear sky
228,Flinders,AU,-34.5833,150.8552,73.18,58,8,4.0,clear sky
229,Taltal,CL,-25.4,-70.4833,67.87,66,19,3.2,few clouds
230,Severo-Kurilsk,RU,50.6789,156.125,31.35,68,33,17.25,scattered clouds
231,Gunnedah,AU,-30.9833,150.25,79.81,26,65,5.12,broken clouds
232,Hammerfest,NO,70.6634,23.6821,25.25,80,0,4.61,clear sky
233,Vaasa,FI,63.096,21.6158,28.94,86,100,8.05,overcast clouds
234,Lae,PG,-6.7221,146.9847,90.34,53,98,5.12,overcast clouds
235,Chapleau,CA,47.8405,-83.4034,27.91,93,100,8.5,overcast clouds
236,Progreso,MX,21.2833,-89.6667,81.1,87,82,12.15,broken clouds
237,Mahebourg,MU,-20.4081,57.7,73.26,78,61,13.11,light rain
238,Kahului,US,20.8947,-156.47,76.96,66,79,8.99,broken clouds
239,Port Hardy,CA,50.6996,-127.4199,44.78,93,75,6.91,light intensity shower rain
240,Bandrele,YT,-12.9067,45.1914,78.55,89,0,4.61,clear sky
241,Deputatskiy,RU,69.3,139.9,-33.61,95,99,4.5,overcast clouds
242,Douentza,ML,14.9951,-2.9517,71.6,17,65,3.69,broken clouds
243,Biak,ID,-0.9131,122.8766,82.51,69,88,2.42,overcast clouds
244,Bethel,US,41.3712,-73.414,45.93,64,9,1.99,clear sky
245,Pimentel,PE,-6.8367,-79.9342,65.77,87,56,11.9,broken clouds
246,Geraldton,AU,-28.7667,114.6,72.01,49,1,14.97,clear sky
247,Los Llanos De Aridane,ES,28.6585,-17.9182,65.95,81,100,10.0,overcast clouds
248,Senneterre,CA,48.3835,-77.2328,23.43,96,88,3.94,overcast clouds
249,Provideniya,RU,64.3833,-173.3,17.71,62,20,20.13,few clouds
250,Fort Nelson,CA,58.8053,-122.7002,16.95,91,87,1.28,overcast clouds
251,Aguadilla,PR,18.4275,-67.1541,78.66,90,100,0.0,overcast clouds
252,Banda Aceh,ID,5.5577,95.3222,80.13,74,97,13.11,overcast clouds
253,Yairipok,IN,24.6667,94.0667,58.86,70,0,0.83,clear sky
254,Abengourou,CI,6.7297,-3.4964,69.53,89,0,1.5,clear sky
255,Myaundzha,RU,63.0494,147.1858,-23.28,100,99,0.96,overcast clouds
256,Giddarbaha,IN,30.2,74.6667,57.2,28,13,3.49,few clouds
257,Mataram,ID,-8.5833,116.1167,83.21,77,81,6.51,broken clouds
258,Holguin,CU,20.8872,-76.2631,76.5,88,16,6.91,few clouds
259,Maraa,BR,-1.8333,-65.3667,74.88,92,96,1.5,overcast clouds
260,Huanren,CN,41.2647,125.3667,25.57,41,35,7.83,scattered clouds
261,Yulara,AU,-25.2406,130.9889,80.58,52,88,8.08,overcast clouds
262,Itoman,JP,26.1247,127.6694,77.02,83,75,19.57,broken clouds
263,Cabras,IT,39.93,8.5314,58.62,78,100,17.45,overcast clouds
264,Sambava,MG,-14.2667,50.1667,70.77,87,4,9.66,clear sky
265,Katangli,RU,51.7102,143.2326,30.06,96,100,30.27,snow
266,Namtsy,RU,62.7161,129.6658,-41.49,100,98,2.3,overcast clouds
267,Martinsicuro,IT,42.8811,13.9145,54.12,84,100,8.23,overcast clouds
268,Lagoa,PT,39.05,-27.9833,62.37,77,100,18.23,overcast clouds
269,Fuyang,CN,32.9,115.8167,57.96,67,0,4.25,clear sky
270,Awbari,LY,26.5921,12.7805,60.46,53,100,4.07,overcast clouds
271,La Seyne-Sur-Mer,FR,43.0982,5.8847,51.89,73,7,3.0,clear sky
272,Rabo De Peixe,PT,37.8,-25.5833,68.27,96,75,16.11,broken clouds
273,Sinnai,IT,39.3042,9.2036,58.51,85,0,6.91,clear sky
274,Portland,US,45.5234,-122.6762,43.63,96,100,1.01,moderate rain
275,Camalu,MX,30.85,-116.0667,63.46,37,6,4.83,clear sky
276,Bilibino,RU,68.0546,166.4372,-12.1,97,100,2.57,overcast clouds
277,Severo-Yeniseyskiy,RU,60.3725,93.0408,-38.16,100,88,2.15,overcast clouds
278,Noumea,NC,-22.2763,166.4572,84.18,64,22,17.31,few clouds
279,Port Hedland,AU,-20.3167,118.5667,84.25,65,18,8.05,few clouds
280,Blaj,RO,46.1833,23.9167,38.32,92,19,0.36,few clouds
281,Taoudenni,ML,22.6783,-3.9836,74.66,16,100,8.68,overcast clouds
282,Riviere-Au-Renard,CA,48.9957,-64.3971,34.36,99,100,15.28,snow
283,Shingu,JP,33.7333,135.9833,64.81,74,100,1.12,moderate rain
284,Assiniboia,CA,49.6334,-105.9845,47.12,50,100,20.4,overcast clouds
285,Sangar,RU,63.9242,127.4739,-39.93,98,68,1.7,broken clouds
286,Adrar,MR,20.5022,-10.0711,71.53,12,100,7.52,overcast clouds
287,Acarau,BR,-2.8856,-40.12,78.78,77,92,13.67,overcast clouds
288,Sindor,RU,62.8629,51.8905,-8.82,99,7,1.99,clear sky
289,Hailar,CN,49.2,119.7,-5.58,90,12,12.15,few clouds
290,Portoferraio,IT,42.8115,10.3146,53.96,86,100,32.39,light rain
291,Khandyga,RU,62.6667,135.6,-43.62,100,92,2.44,overcast clouds
292,Nalgonda,IN,17.05,79.2667,67.6,49,94,6.64,overcast clouds
293,Kaitangata,NZ,-46.2817,169.8464,53.96,57,100,7.87,overcast clouds
294,Busayra,JO,30.7376,35.6078,51.03,75,80,10.76,broken clouds
295,Varhaug,NO,58.6147,5.6457,47.89,85,82,11.32,broken clouds
296,Saldanha,ZA,-33.0117,17.9442,60.37,72,0,24.81,clear sky
297,Sinnamary,GF,5.3833,-52.95,78.67,84,93,7.47,overcast clouds
298,Isangel,VU,-19.55,169.2667,77.97,85,100,6.2,overcast clouds
299,Nagua,DO,19.3832,-69.8474,76.3,83,5,4.47,clear sky
300,Barra Patuca,HN,15.8,-84.2833,77.86,87,14,7.14,light rain
301,Buala,SB,-8.145,159.5921,83.8,74,100,4.34,light rain
302,Auki,SB,-8.7676,160.7034,86.23,66,100,4.99,overcast clouds
303,Mehamn,NO,71.0357,27.8492,28.35,86,100,14.97,overcast clouds
304,Gilbues,BR,-9.8317,-45.3439,71.38,90,100,3.89,overcast clouds
305,Leningradskiy,RU,69.3833,178.4167,-8.03,95,100,4.65,overcast clouds
306,Makat,KZ,47.6469,53.3463,36.34,82,100,16.98,overcast clouds
307,Tiksi,RU,71.6872,128.8694,-19.23,97,100,7.9,overcast clouds
308,Xining,CN,36.6167,101.7667,35.26,32,100,2.19,overcast clouds
309,Yunhe,CN,34.0833,119.7167,54.68,61,100,16.49,overcast clouds
310,Mulchen,CL,-37.7167,-72.2333,66.22,46,0,7.36,clear sky
311,Miquelon,PM,47.0975,-56.3814,35.6,72,100,12.44,overcast clouds
312,Broken Hill,AU,-31.95,141.4333,87.58,14,39,20.67,scattered clouds
313,North Bend,US,43.4065,-124.2243,51.24,96,100,14.97,overcast clouds
314,Aksu,CN,41.1231,80.2644,33.51,41,0,3.4,clear sky
315,Opportunity,US,47.6499,-117.2399,40.37,91,100,1.99,light rain
316,Cookeville,US,36.1628,-85.5016,51.78,85,100,5.75,overcast clouds
317,Hasaki,JP,35.7333,140.8333,55.22,69,100,23.55,light rain
318,Quatre Cocos,MU,-20.2078,57.7625,73.09,75,47,11.88,light rain
319,Butaritari,KI,3.0707,172.7902,81.12,73,20,9.17,few clouds
320,Northam,GB,51.0333,-4.2167,49.39,88,100,14.32,overcast clouds
321,Tuy Hoa,VN,13.0833,109.3,78.64,88,99,3.83,overcast clouds
322,Kulhudhuffushi,MV,6.6221,73.07,80.08,66,95,2.1,overcast clouds
323,Hay River,CA,60.8156,-115.7999,17.62,90,100,12.91,overcast clouds
324,Dongsheng,CN,39.8161,109.9776,24.19,32,0,14.58,clear sky
325,Avera,US,33.194,-82.5271,58.51,95,100,0.76,overcast clouds
326,Rocha,UY,-34.4833,-54.3333,60.96,98,26,3.71,scattered clouds
327,Tilichiki,RU,60.4667,166.1,2.75,96,79,6.71,broken clouds
328,Bratsk,RU,56.1325,101.6142,-1.66,94,100,6.82,light snow
329,Berdigestyakh,RU,62.0989,126.6992,-46.01,100,87,0.34,overcast clouds
330,Kuruman,ZA,-27.4524,23.4325,61.99,20,0,6.08,clear sky
331,Garowe,SO,8.4054,48.4845,70.23,82,0,11.34,clear sky
332,Ancud,CL,-41.8697,-73.8203,54.72,92,100,3.56,overcast clouds
333,Kruisfontein,ZA,-34.0033,24.7314,50.88,78,0,6.87,clear sky
334,Manokwari,ID,-0.8667,134.0833,83.17,66,91,3.67,overcast clouds
335,Pischia,RO,45.9031,21.3372,34.74,99,20,3.44,mist
336,Touros,BR,-5.1989,-35.4608,78.46,76,92,11.79,overcast clouds
337,Todos Santos,MX,23.45,-110.2167,74.66,62,0,13.8,clear sky
338,Ishigaki,JP,24.3448,124.1572,76.57,76,93,18.07,overcast clouds
339,Charlestown,AU,-32.95,151.6667,70.86,69,92,7.0,overcast clouds
340,Zabol,AF,32.25,67.25,41.18,25,0,6.02,clear sky
341,Fort Dodge,US,42.4975,-94.168,43.02,52,0,9.22,clear sky
342,Merauke,ID,-8.4667,140.3333,80.19,83,100,12.17,light rain
343,Semnan,IR,35.5729,53.3971,48.94,39,11,2.01,few clouds
344,Stepnogorsk,KZ,52.3544,71.8869,-15.34,99,64,8.48,broken clouds
345,Santiago Del Estero,AR,-27.7951,-64.2615,83.64,22,7,9.78,clear sky
346,Bagepalli,IN,13.7847,77.7931,65.55,94,92,5.23,overcast clouds
347,Collie,AU,-33.3667,116.15,63.75,58,81,7.07,broken clouds
348,Ippy,CF,6.2679,21.2247,75.09,65,100,1.5,overcast clouds
349,Tula,RU,54.2044,37.6111,26.92,95,100,9.78,overcast clouds
350,Strenci,LV,57.6257,25.6854,26.17,93,100,5.68,overcast clouds
351,Edinburg,GB,55.9521,-3.1965,49.05,82,0,8.01,clear sky
352,Coruripe,BR,-10.1256,-36.1756,78.03,81,100,15.28,light rain
353,Nanortalik,GL,60.1432,-45.2371,35.11,74,100,6.93,overcast clouds
354,Coquimbo,CL,-29.9533,-71.3436,60.53,82,0,6.91,clear sky
355,Lerwick,GB,60.1545,-1.1494,50.0,87,0,22.75,clear sky
356,Lavrentiya,RU,65.5833,-171.0,15.21,85,98,13.6,overcast clouds
357,West Bay,KY,19.3667,-81.4167,82.47,83,20,9.22,few clouds
358,Lufilufi,WS,-13.8745,-171.5986,81.45,74,4,10.33,clear sky
359,Yeppoon,AU,-23.1333,150.7333,85.78,57,4,9.35,clear sky
360,Brazzaville,CG,-4.2658,15.2832,72.79,98,100,3.18,light rain
361,Yar-Sale,RU,66.8333,70.8333,-1.37,97,100,8.32,overcast clouds
362,Peleduy,RU,59.6289,112.7406,-27.38,100,100,0.29,overcast clouds
363,Ust-Nera,RU,64.5667,143.2,-26.28,96,100,2.75,overcast clouds
364,Kattivakkam,IN,13.2167,80.3167,77.09,85,93,3.2,overcast clouds
365,Kodinsk,RU,58.6881,99.1844,-22.31,97,100,5.06,overcast clouds
366,Yar,RU,58.249,52.1026,13.66,94,100,9.69,light snow
367,Paamiut,GL,61.994,-49.6678,26.98,77,21,13.71,few clouds
368,Shaunavon,CA,49.6501,-108.4181,44.89,54,100,20.11,overcast clouds
369,Denpasar,ID,-8.65,115.2167,82.06,83,20,4.61,few clouds
370,La Tuque,CA,47.4334,-72.7824,30.88,83,100,14.27,overcast clouds
371,Helong,CN,42.5397,128.9972,21.02,62,6,14.56,clear sky
372,Bentiu,SS,9.2333,29.8333,72.95,31,9,5.79,clear sky
373,Parabel,RU,58.6978,81.4825,-22.95,96,14,10.04,few clouds
374,Cidreira,BR,-30.1811,-50.2056,68.05,82,0,9.01,clear sky
375,Waingapu,ID,-9.6567,120.2641,84.94,69,100,5.26,overcast clouds
376,Mogadishu,SO,2.0371,45.3438,78.89,76,97,8.5,overcast clouds
377,Verkhoyansk,RU,67.5447,133.385,-37.34,100,96,1.68,overcast clouds
378,Visnes,NO,59.3556,5.2242,48.22,93,75,12.66,broken clouds
379,Marawi,PH,7.9986,124.2928,77.5,72,59,1.79,broken clouds
380,Bobrovskiy,RU,56.6732,60.9807,-14.64,84,40,4.47,light snow
381,Puerto Baquerizo Moreno,EC,-0.9,-89.6,68.95,89,93,9.66,overcast clouds
382,Demba,CD,-5.51,22.2667,67.86,99,100,1.57,overcast clouds
383,Igaracu Do Tiete,BR,-22.5092,-48.5578,63.61,74,0,12.68,clear sky
384,Batagay,RU,67.6333,134.6333,-38.15,97,92,3.27,overcast clouds
385,San Policarpo,PH,12.1791,125.5072,82.85,77,77,8.55,broken clouds
386,Williams Lake,CA,52.1415,-122.1445,30.06,80,41,1.99,scattered clouds
387,Xudat,AZ,41.631,48.681,52.38,84,100,2.42,overcast clouds
388,Sisimiut,GL,66.9395,-53.6735,15.91,86,71,10.18,broken clouds
389,Kainantu,PG,-6.2887,145.8655,76.26,55,96,4.85,overcast clouds
390,Brigantine,US,39.4101,-74.3646,50.02,63,0,12.66,clear sky
391,Namatanai,PG,-3.6667,152.4333,85.8,63,62,4.83,broken clouds
392,Tay Ninh,VN,11.3,106.1,78.78,86,46,3.33,scattered clouds
393,Mountain Home,US,43.133,-115.6912,36.88,60,0,3.44,clear sky
394,Bay Roberts,CA,47.5999,-53.2648,32.5,92,62,1.01,broken clouds
395,Luderitz,NA,-26.6481,15.1594,58.66,69,0,24.52,clear sky
396,Teya,RU,60.3778,92.6267,-34.4,100,90,2.75,overcast clouds
397,Roma,US,43.2128,-75.4557,40.82,76,100,9.22,overcast clouds
398,Tangzhai,CN,34.4328,116.5911,51.71,47,5,16.22,clear sky
399,Bara,NG,10.3744,10.7288,68.83,25,17,6.91,few clouds
400,Mtambile,TZ,-5.3833,39.7,76.89,82,82,9.64,light rain
401,Gaoua,BF,10.2992,-3.2508,71.94,24,0,2.93,clear sky
402,Amarillo,US,35.222,-101.8313,42.1,48,100,6.91,overcast clouds
403,Yartsevo,RU,55.0667,32.6964,25.66,96,100,8.3,light snow
404,Nha Trang,VN,12.25,109.1833,75.2,87,100,4.63,light rain
405,Xiaolingwei,CN,32.0333,118.85,61.63,68,0,3.04,clear sky
406,Morant Bay,JM,17.8815,-76.4093,78.89,83,23,7.34,few clouds
407,Vao,NC,-22.6667,167.4833,72.57,69,55,14.67,broken clouds
408,Quebo,GW,11.3333,-14.9333,73.18,68,100,3.11,overcast clouds
409,Santa Cruz,BO,-17.8,-63.1667,78.26,41,2,4.61,clear sky
410,Cockburn Town,TC,21.4612,-71.1419,78.76,69,20,5.75,few clouds
411,Shizunai,JP,42.3339,142.3669,53.98,79,100,19.01,overcast clouds
412,Les Cayes,HT,18.2,-73.75,76.6,83,5,1.7,clear sky
413,De Aar,ZA,-30.6497,24.0123,58.41,59,100,16.53,overcast clouds
414,Vondrozo,MG,-22.8167,47.2833,64.53,98,71,0.2,broken clouds
415,Iskateley,RU,67.6803,53.1512,13.37,94,50,10.49,scattered clouds
416,Coahuayana,MX,18.7333,-103.6833,75.15,86,12,1.14,light rain
417,Alihe,CN,50.5667,123.7167,9.37,89,97,3.31,overcast clouds
418,Bodaybo,RU,57.8506,114.1933,-16.46,100,100,1.05,overcast clouds
419,Viedma,AR,-40.8135,-62.9967,66.45,55,100,12.33,overcast clouds
420,Piacabucu,BR,-10.4056,-36.4344,78.62,81,100,15.43,moderate rain
421,Tumbi,TZ,-5.0667,32.7333,67.3,59,29,6.33,scattered clouds
422,Hovsan,AZ,40.3744,50.0853,57.33,100,40,4.61,scattered clouds
423,Brownsville,US,25.9018,-97.4975,62.98,99,100,11.5,overcast clouds
424,Waipawa,NZ,-41.4122,175.5153,63.52,49,98,14.85,overcast clouds
425,Mayo,US,38.8876,-76.5119,52.95,55,0,9.22,clear sky
426,Half Moon Bay,US,37.4636,-122.4286,66.06,57,40,6.91,scattered clouds
427,Limbang,MY,4.75,115.0,80.71,74,36,2.89,scattered clouds
428,Matadi,CD,-5.8167,13.45,75.72,96,100,2.77,light rain
429,Krutinka,RU,56.0055,71.5113,-14.39,89,6,7.34,clear sky
430,Narsaq,GL,60.9167,-46.05,44.82,63,100,11.01,overcast clouds
431,Laredo,US,27.5064,-99.5075,57.49,100,100,8.05,mist
432,Chapais,CA,49.7834,-74.8492,23.02,93,97,9.71,overcast clouds
433,The Valley,AI,18.217,-63.0578,80.1,72,0,15.41,clear sky
434,Baiyin,CN,36.5583,104.2081,35.17,33,70,3.33,broken clouds
435,Manta,EC,-0.95,-80.7333,73.18,78,100,10.36,overcast clouds
436,Kokopo,PG,-4.352,152.2633,85.24,65,68,8.03,broken clouds
437,Dese,ET,11.1333,39.6333,50.9,83,55,1.41,broken clouds
438,Pochutla,MX,15.7432,-96.4661,80.42,85,9,3.4,clear sky
439,Beloha,MG,-25.1667,45.05,72.7,86,6,1.97,clear sky
440,Kollam,IN,8.8833,76.6,76.06,83,52,5.12,broken clouds
441,Mahe,IN,11.7,75.5333,74.05,88,99,4.68,overcast clouds
442,Alekseyevka,RU,50.6309,38.6903,36.45,93,91,11.77,overcast clouds
443,Sabang,ID,5.8933,95.3214,81.55,73,94,20.51,overcast clouds
444,Aitape,PG,-3.1374,142.3475,86.56,65,38,3.91,scattered clouds
445,Ahipara,NZ,-35.1667,173.1667,65.46,61,92,6.91,overcast clouds
446,Odweyne,SO,9.4092,45.064,65.53,55,0,1.21,clear sky
447,Sao Filipe,CV,14.8961,-24.4956,75.4,66,0,11.21,clear sky
448,Nefteyugansk,RU,61.0998,72.6035,-19.25,91,100,5.82,overcast clouds
449,Batemans Bay,AU,-35.7167,150.1833,66.09,47,32,8.21,scattered clouds
450,Klaksvik,FO,62.2266,-6.589,49.12,88,5,19.22,clear sky
451,Qaqortoq,GL,60.7167,-46.0333,33.53,63,100,12.37,overcast clouds
452,Maragogi,BR,-9.0122,-35.2225,77.85,79,85,12.03,overcast clouds
453,Senador Jose Porfirio,BR,-2.5908,-51.9542,75.16,90,61,1.95,broken clouds
454,Boyuibe,BO,-20.4167,-63.2833,71.8,29,48,4.81,scattered clouds
455,Ponta Delgada,PT,37.7333,-25.6667,69.49,94,75,16.11,broken clouds
456,Suba,PH,10.8438,121.0102,83.12,73,100,6.8,overcast clouds
457,Zhezkazgan,KZ,47.8043,67.7144,14.52,74,6,17.47,clear sky
458,Mundo Nuevo,MX,18.7,-95.5,76.73,89,11,9.31,few clouds
459,Catamarca,AR,-28.4696,-65.7852,86.07,26,100,19.04,overcast clouds
460,Benghazi,LY,32.1167,20.0667,64.45,62,15,3.13,few clouds
461,Sorland,NO,67.667,12.6934,42.66,70,100,14.81,overcast clouds
462,Floro,NO,61.5996,5.0328,48.16,61,100,23.02,overcast clouds
463,Mollendo,PE,-17.0231,-72.0147,68.25,86,15,6.2,few clouds
464,Puerto Escondido,MX,15.85,-97.0667,79.9,81,85,5.44,overcast clouds
465,Uporovo,RU,56.3109,66.2693,-9.69,90,5,4.34,clear sky
466,Hambantota,LK,6.1241,81.1185,76.33,86,39,4.68,scattered clouds
467,Gigmoto,PH,13.7796,124.39,83.64,75,98,6.42,overcast clouds
468,Atar,MR,20.5169,-13.0499,73.24,15,48,8.46,scattered clouds
469,Ginda,IN,30.6945,78.4932,49.8,23,1,7.45,clear sky
470,Bouar,CF,5.934,15.596,67.68,46,29,2.71,scattered clouds
471,Margate,GB,51.3813,1.3862,45.7,89,100,1.01,overcast clouds
472,Uyutne,UA,45.1994,33.3014,50.14,90,100,12.28,light rain
473,Samarai,PG,-10.6167,150.6667,85.33,68,99,5.84,overcast clouds
474,Somerset East,ZA,-32.7217,25.588,48.18,90,17,4.85,few clouds
475,Aklavik,CA,68.2191,-135.0107,0.45,98,96,2.51,overcast clouds
476,Bjornevatn,NO,69.6672,29.9847,28.02,86,75,12.66,broken clouds
477,Kindu,CD,-2.95,25.95,69.51,100,100,3.76,moderate rain
478,Jatai,BR,-17.8814,-51.7144,74.25,45,45,5.97,scattered clouds
479,Puerto Del Rosario,ES,28.5004,-13.8627,69.55,83,100,13.8,overcast clouds
480,Poum,NC,-20.2333,164.0167,77.77,71,58,6.93,broken clouds
481,San Pedro,PH,14.35,121.0167,83.35,72,65,7.25,broken clouds
482,General Pico,AR,-35.6566,-63.7568,78.13,38,4,9.46,clear sky
483,Riyadh,SA,24.6877,46.7219,67.69,38,0,7.47,clear sky
484,Monduli,TZ,-3.3,36.45,59.16,86,33,4.63,scattered clouds
485,Mpulungu,ZM,-8.7623,31.1141,73.96,60,100,7.63,overcast clouds
486,Naryan-Mar,RU,67.6713,53.087,13.51,94,47,10.47,scattered clouds
487,Katsuura,JP,35.1333,140.3,62.62,74,100,20.0,moderate rain
488,Kidal,ML,18.4411,1.4078,67.82,14,99,9.86,overcast clouds
489,Grodzisk Wielkopolski,PL,52.2276,16.3653,39.72,93,100,1.32,overcast clouds
490,Phalaborwa,ZA,-23.943,31.1411,70.11,90,100,6.98,light rain
491,Codrington,AU,-38.2667,141.9667,73.67,58,100,23.44,overcast clouds
492,Shu,KZ,43.5983,73.7614,33.46,91,9,6.17,clear sky
493,Port Moresby,PG,-9.4431,147.1797,86.27,66,64,4.68,broken clouds
494,Baturaja,ID,-4.1333,104.1667,77.74,83,91,2.42,overcast clouds
495,Kosino,RU,58.4127,51.2782,14.0,93,100,7.78,light snow
496,Bud,US,39.447,-86.1758,42.31,79,0,4.85,clear sky
497,Fuling,CN,29.7022,107.3919,61.57,77,0,1.16,clear sky
498,Ketchikan,US,55.3422,-131.6461,45.07,93,100,10.36,overcast clouds
499,Calabozo,VE,8.9242,-67.4293,78.01,74,52,3.53,broken clouds
500,Havoysund,NO,70.9963,24.6622,30.43,78,45,7.49,scattered clouds
501,Surt,LY,31.2089,16.5887,65.05,66,76,0.83,broken clouds
502,Angoche,MZ,-16.2325,39.9086,74.64,87,0,7.4,clear sky
503,Madang,PG,-5.2246,145.7966,87.89,58,99,1.83,overcast clouds
504,Mount Isa,AU,-20.7333,139.5,96.57,20,9,5.75,clear sky
505,Olafsvik,IS,64.8945,-23.7142,41.56,81,32,20.31,scattered clouds
506,Karratha,AU,-20.7377,116.8463,89.67,36,5,11.03,clear sky
507,Wangjing,IN,24.6,94.0333,58.98,74,0,0.27,clear sky
508,Challapata,BO,-18.9,-66.7667,50.04,38,6,15.9,clear sky
509,Beni Mazar,EG,28.4962,30.8029,60.4,62,0,6.85,clear sky
510,Aleksandrov Gay,RU,50.147,48.5704,35.71,88,100,13.22,overcast clouds
511,Shanghai,CN,31.2222,121.4581,64.27,80,0,7.0,mist
512,Shimoda,JP,34.6667,138.95,59.36,80,100,7.76,moderate rain
513,Lata,PT,40.1629,-8.3327,43.92,75,100,3.98,overcast clouds
514,Zhuhai,CN,22.2769,113.5678,73.18,94,40,9.22,scattered clouds
515,Port Blair,IN,11.6667,92.75,75.24,100,40,1.14,scattered clouds
516,Balsas,BR,-7.5325,-46.0356,73.62,93,100,3.44,overcast clouds
517,Mudgee,AU,-32.5943,149.5871,73.78,39,61,2.68,broken clouds
518,Vung Tau,VN,10.346,107.0843,80.62,83,81,9.51,broken clouds
519,Moron,AR,-34.6534,-58.6198,71.06,85,3,10.56,clear sky
520,Workington,GB,54.6425,-3.5441,51.82,100,100,19.37,overcast clouds
521,Selizharovo,RU,56.8519,33.4487,14.59,95,100,7.45,overcast clouds
522,Saint Pete Beach,US,27.7253,-82.7412,75.25,80,75,0.0,mist
523,Tymovskoye,RU,50.8456,142.655,33.51,73,100,13.8,snow
524,Rochegda,RU,62.8,43.25,3.88,98,58,2.37,broken clouds
525,Champerico,GT,14.3,-91.9167,80.37,75,90,1.68,light rain
526,Yining,CN,29.0361,114.5636,63.79,81,1,1.07,clear sky
527,Gidole,ET,5.65,37.3667,54.23,77,13,3.13,few clouds
528,Kenai,US,60.5544,-151.2583,21.15,93,0,4.61,fog
529,Kitimat,CA,54.0524,-128.6534,42.91,30,100,1.99,overcast clouds
530,Vila Franca Do Campo,PT,37.7167,-25.4333,69.19,88,100,19.95,light rain
531,Pangnirtung,CA,66.1451,-65.7125,-2.76,73,18,6.2,few clouds
532,Tazmalt,DZ,36.3868,4.3989,54.99,83,33,7.02,scattered clouds
533,Dauphin,CA,51.1494,-100.0502,37.17,86,100,8.61,overcast clouds
534,Joensuu,FI,62.6012,29.7632,19.89,93,100,8.05,overcast clouds
535,Trairi,BR,-3.2778,-39.2689,78.35,77,97,8.95,overcast clouds
536,Itacoatiara,BR,-3.1431,-58.4442,82.2,61,100,1.32,overcast clouds
537,Ambilobe,MG,-13.2,49.05,71.91,71,0,4.94,clear sky
538,Nador,MA,35.174,-2.9287,57.45,88,0,0.0,clear sky
539,Odemira,PT,37.598,-8.6397,56.16,69,50,4.97,scattered clouds
540,Kibungo,RW,-2.1597,30.5427,63.52,95,100,0.58,light rain
541,Presidencia Roque Saenz Pena,AR,-26.7852,-60.4388,75.88,32,100,6.38,overcast clouds
542,Kirensk,RU,57.7853,108.1119,-32.08,100,84,3.06,broken clouds
543,San Carlos Del Zulia,VE,9.0,-71.9135,76.44,83,82,4.32,broken clouds
544,Casper,US,42.8666,-106.3131,39.79,48,0,20.71,clear sky
545,Buraydah,SA,26.326,43.975,66.33,59,17,10.13,few clouds
546,Port Shepstone,ZA,-30.7414,30.455,67.33,86,100,6.96,light rain
547,Dhidhdhoo,MV,6.8833,73.1,80.11,68,97,2.66,overcast clouds
548,Seryshevo,RU,51.0933,128.3786,10.74,94,100,11.39,light snow
549,Paita,PE,-5.0892,-81.1144,65.8,86,5,13.62,clear sky
550,Cayenne,GF,4.9333,-52.3333,77.04,94,97,2.3,overcast clouds
551,Nishihara,JP,26.1842,127.7558,76.28,83,75,19.57,broken clouds
552,Vestmanna,FO,62.1564,-7.1664,47.32,87,75,17.27,broken clouds
553,Alice Springs,AU,-23.7,133.8833,76.55,69,100,5.75,overcast clouds
554,San Martin,AR,-33.081,-68.4681,83.12,30,100,10.42,light rain
555,Wukari,NG,7.85,9.7833,72.63,28,38,3.78,scattered clouds
556,Sijunjung,ID,-0.6876,100.9537,76.33,81,100,2.24,overcast clouds
557,Mackenzie,CA,55.2999,-123.1698,29.35,91,95,5.26,overcast clouds
558,Houma,US,29.5958,-90.7195,66.2,96,100,5.01,overcast clouds
559,Bilma,NE,18.6853,12.9164,65.62,22,11,0.96,few clouds
560,Plettenberg Bay,ZA,-34.0527,23.3716,54.5,75,0,5.28,clear sky
561,Isla Mujeres,MX,21.2311,-86.731,78.85,79,100,9.64,overcast clouds
562,Bajil,YE,15.0584,43.2851,77.27,72,3,3.53,clear sky
563,Westerland,DE,54.9079,8.3033,46.42,93,20,8.05,few clouds
564,Sherbakul,RU,54.6316,72.3963,-12.01,89,6,9.1,clear sky
565,Sola,VU,-13.8833,167.55,82.27,70,71,10.18,broken clouds
566,Grong,NO,64.4654,12.3149,36.68,91,99,7.49,overcast clouds
567,Lagunas,PE,-5.2269,-75.6753,77.61,77,92,0.96,overcast clouds
568,Rantepao,ID,-2.9701,119.8978,78.71,68,99,1.45,overcast clouds
569,Berbera,SO,10.4396,45.0143,76.05,80,0,3.78,clear sky
570,Egvekinot,RU,66.3167,-179.1667,-0.04,83,100,10.47,overcast clouds
571,Hobyo,SO,5.3505,48.5268,78.62,75,10,9.95,clear sky
572,Skjervoy,NO,70.0311,20.9714,26.6,55,1,8.68,clear sky
573,Shar,KZ,49.5886,81.0453,-4.11,97,100,14.03,overcast clouds
574,Alofi,NU,-19.0595,-169.9187,78.58,76,3,11.14,clear sky
575,Comodoro Rivadavia,AR,-45.8667,-67.5,69.66,19,0,24.16,clear sky
576,King City,US,36.2127,-121.126,59.92,23,18,4.45,few clouds
577,Russell,US,32.3502,-85.1999,58.6,94,0,0.0,fog
578,Cuamba,MZ,-14.8031,36.5372,73.2,63,0,7.96,clear sky
579,Ahuimanu,US,21.4447,-157.8378,78.51,56,20,13.8,few clouds
580,Ocean City,US,39.2776,-74.5746,49.98,61,6,7.0,clear sky
581,Nieuw Amsterdam,SR,5.8833,-55.0833,80.02,89,97,7.99,overcast clouds
582,Jacupiranga,BR,-24.6925,-48.0022,62.71,95,35,1.99,scattered clouds
583,Hongjiang,CN,27.11,109.9956,66.18,77,0,1.32,clear sky
584,Pasni,PK,25.2631,63.471,76.33,40,90,1.72,overcast clouds
585,Mizan Teferi,ET,6.9833,35.5833,59.5,90,14,3.09,few clouds
586,Okha,RU,53.5739,142.9478,25.84,94,100,23.33,snow
587,Inuvik,CA,68.3499,-133.7218,0.14,98,100,1.7,overcast clouds
588,Hualmay,PE,-11.0964,-77.6139,67.75,85,88,9.28,overcast clouds
589,Stromness,GB,58.965,-3.296,46.36,86,100,11.99,overcast clouds
590,Agua Verde,MX,22.9,-106.05,69.89,65,0,13.6,clear sky
591,Marzuq,YE,14.4,46.4667,60.75,75,0,1.45,clear sky
592,Axim,GH,4.8699,-2.2405,77.65,86,34,8.03,moderate rain
593,Masvingo,ZW,-20.0637,30.8277,68.09,73,17,4.76,few clouds
594,Voznesenye,RU,61.0106,35.4781,18.23,87,20,5.48,few clouds
595,Kabo,CF,7.6994,18.629,74.88,35,24,3.87,few clouds
596,Alyangula,AU,-13.8483,136.4192,86.36,65,31,6.24,scattered clouds
597,Shahr-E Babak,IR,30.1165,55.1186,48.24,39,0,4.47,clear sky
598,Canutama,BR,-6.5339,-64.3831,74.25,98,100,1.9,overcast clouds
599,Sabha,LY,27.0377,14.4283,59.9,56,98,7.65,overcast clouds
600,Coolum Beach,AU,-26.5333,153.1,91.11,37,0,7.81,clear sky
601,Soloneshnoye,RU,51.6544,84.3197,-6.65,100,100,4.07,overcast clouds
602,Atyrau,KZ,47.1167,51.8833,35.62,87,100,22.37,mist
603,Harper,LR,4.375,-7.7169,78.03,84,2,6.98,clear sky
604,Lasa,IT,46.6166,10.7002,41.88,93,95,5.95,overcast clouds
605,Balabac,PH,7.9868,117.0645,83.48,73,63,8.41,broken clouds
606,Haines Junction,CA,60.7522,-137.5108,10.35,92,100,1.14,overcast clouds
607,Kadyy,RU,57.787,43.1903,9.79,98,83,3.67,broken clouds
608,Tautira,PF,-17.7333,-149.15,76.39,78,46,13.51,scattered clouds
609,Caxito,AO,-8.5785,13.6643,77.05,90,100,2.95,light rain
610,Kropotkin,RU,45.4375,40.5756,46.2,90,100,11.03,overcast clouds
611,Urumqi,CN,43.801,87.6005,29.35,80,75,2.24,mist
612,Ulaangom,MN,49.9811,92.0667,3.16,87,95,5.88,overcast clouds
613,Ayan,RU,56.45,138.1667,1.18,75,49,10.02,scattered clouds
614,Asifabad,IN,19.3667,79.2833,59.32,64,6,3.6,clear sky
615,Marathon,US,44.9,-89.7668,38.44,73,0,9.22,clear sky
616,Sembe,CG,1.6481,14.5806,70.68,95,100,2.26,overcast clouds
617,Amga,RU,60.8953,131.9608,-39.71,100,96,0.43,overcast clouds
618,Bonthe,SL,7.5264,-12.505,78.44,83,12,4.61,moderate rain
619,Podkletnoye,RU,51.5899,39.4623,34.32,95,100,10.65,overcast clouds
620,Rawson,AR,-43.3002,-65.1023,77.18,28,0,18.86,clear sky
621,Broome,US,42.2506,-75.833,41.7,74,100,14.97,overcast clouds
622,Goure,NE,13.9835,10.2704,64.02,16,0,9.28,clear sky
623,Sao Joao Da Barra,BR,-21.6403,-41.0511,72.91,87,85,7.18,overcast clouds
624,Coihaique,CL,-45.5752,-72.0662,55.35,47,0,12.66,clear sky
625,Bar-Le-Duc,FR,48.75,5.1667,37.78,96,0,3.38,clear sky
626,Boralday,KZ,43.3578,76.8594,35.46,93,100,4.47,mist
627,Ossora,RU,59.2353,163.0719,12.4,80,1,5.46,clear sky
628,Vanderhoof,CA,54.0166,-124.0198,33.69,75,99,8.77,overcast clouds
629,Tessalit,ML,20.1986,1.0114,68.32,22,100,8.81,overcast clouds
630,Byron Bay,AU,-28.65,153.6167,84.7,53,0,13.0,clear sky
631,Jambi,ID,-1.6,103.6167,78.3,83,100,1.95,overcast clouds
632,Mbigou,GA,-1.9005,11.906,68.4,99,100,2.26,light rain
633,General Roca,AR,-39.0333,-67.5833,84.61,32,78,3.76,broken clouds
634,Chicama,PE,-7.8447,-79.1469,64.94,82,65,6.31,broken clouds
635,Batsfjord,NO,70.6345,29.7185,26.53,86,20,17.27,few clouds
636,Lethem,GY,3.3803,-59.7968,77.77,79,47,6.4,scattered clouds
637,Mayumba,GA,-3.432,10.6554,75.88,92,100,8.59,moderate rain
638,Baker City,US,44.7749,-117.8344,44.64,65,0,6.91,clear sky
639,Valdez,EC,1.2492,-78.9831,76.8,81,100,10.02,overcast clouds
640,Fuerte,PH,17.5381,120.3644,82.54,77,45,4.0,scattered clouds
641,Rehoboth,NA,-23.3167,17.0833,72.73,17,97,5.95,overcast clouds
642,Fengzhen,CN,40.4394,113.1536,22.19,20,98,7.07,overcast clouds
643,Erzin,TR,36.9559,36.2,54.34,84,100,1.72,overcast clouds
644,Nishiwaki,JP,34.9833,134.9667,58.32,65,100,3.24,overcast clouds
645,Veraval,IN,20.9,70.3667,71.71,39,0,10.0,clear sky
646,Xinye,CN,32.5186,112.3522,58.69,62,0,7.29,clear sky
647,Beitbridge,ZW,-22.2167,30.0,75.18,71,74,16.37,broken clouds
648,Aykhal,RU,66.0,111.5,-26.36,100,93,3.33,overcast clouds
649,Anloga,GH,5.7947,0.8973,80.96,81,65,12.86,broken clouds
650,Victor Harbor,AU,-35.5667,138.6167,80.28,31,94,18.23,light rain
651,Kasangulu,CD,-4.5911,15.1708,70.79,98,100,2.21,moderate rain
652,Myrtle Beach,US,33.6891,-78.8867,60.03,84,0,5.75,clear sky
653,Katobu,ID,-4.9408,122.5276,83.5,78,85,2.46,overcast clouds
654,Cairns,AU,-16.9167,145.7667,93.07,68,75,6.91,light rain
655,Naze,JP,28.3667,129.4833,67.12,85,100,17.07,light rain
656,Anaconda,US,46.1285,-112.9423,31.19,84,100,6.78,overcast clouds
657,Babanka,UA,48.7097,30.4483,35.8,96,100,12.5,overcast clouds
658,Matay,EG,28.419,30.7792,60.6,62,0,7.2,clear sky
659,Vardo,NO,70.3705,31.1107,26.58,86,75,17.27,broken clouds
660,San Quintin,MX,30.4833,-115.95,63.88,38,0,6.02,clear sky
661,Tsumeb,NA,-19.2333,17.7167,72.68,48,63,4.79,light rain
662,Skiathos,GR,39.1623,23.4909,59.16,53,1,19.46,clear sky
663,Umm Kaddadah,SD,13.6017,26.6876,63.82,20,10,14.61,clear sky
664,Saint-Joseph,RE,-21.3667,55.6167,68.38,79,23,9.31,few clouds
665,Raga,SS,8.4596,25.678,73.22,24,21,5.55,few clouds
666,Amahai,ID,-3.3333,128.9167,84.63,64,100,2.39,overcast clouds
667,Ca Mau,VN,9.1769,105.15,80.53,83,88,3.02,overcast clouds
668,Bukama,CD,-9.2,25.85,68.43,97,100,3.0,moderate rain
669,Saint Anthony,US,45.0205,-93.218,44.74,72,0,9.22,clear sky
670,Turukhansk,RU,65.8167,87.9833,-29.22,100,100,1.5,overcast clouds
671,Brainerd,US,46.358,-94.2008,41.25,70,0,10.36,clear sky
672,Uusikaupunki,FI,60.8004,21.4084,29.35,87,100,9.44,overcast clouds
673,Le Port,RE,-20.9373,55.2919,73.36,60,3,4.23,clear sky
674,Conde,BR,-7.2597,-34.9075,78.26,78,20,5.75,few clouds
675,Kerman,IR,30.2832,57.0788,53.78,29,0,1.25,clear sky
676,Ust-Kulom,RU,61.6864,53.6902,-3.44,98,5,2.71,clear sky
677,Port Augusta,AU,-32.5,137.7667,83.01,25,100,20.83,overcast clouds
678,Hamilton,US,39.1834,-84.5333,47.08,73,0,5.75,clear sky
679,Bolshaya Glushitsa,RU,50.2406,43.5908,37.87,89,100,14.2,overcast clouds
680,Brae,GB,60.3964,-1.353,49.23,87,5,21.72,light rain
681,Kovdor,RU,67.5662,30.4758,17.29,95,90,6.35,overcast clouds
682,Suntar,RU,62.1444,117.6319,-27.44,99,100,2.26,overcast clouds
683,Lieksa,FI,63.3167,30.0167,18.72,88,100,5.86,overcast clouds
684,Shyroke,UA,47.6917,33.2571,45.21,93,100,6.71,light rain
685,Bulle,CH,46.6195,7.0567,41.16,72,20,3.4,few clouds
686,Bafoulabe,ML,13.8065,-10.8321,79.29,16,100,3.38,overcast clouds
687,Balykshi,KZ,47.0667,51.8667,35.6,87,100,22.37,mist
688,Ola,RU,59.5833,151.2833,-15.86,89,4,11.99,clear sky
